username,user_risk_score,high_risk_posts,total_posts,explanation
Acrobatic_Peace_2615,0.0,0,1,1 posts analyzed; 0 post(s) with violence_risk_score >= 0.60. User-level score emphasizes worst and average behavior.
AdJust5162,0.18,0,1,1 posts analyzed; 0 post(s) with violence_risk_score >= 0.60. User-level score emphasizes worst and average behavior.
AdSpecialist6598,0.0,0,1,1 posts analyzed; 0 post(s) with violence_risk_score >= 0.60. User-level score emphasizes worst and average behavior.
Additional_Use_7900,0.0,0,1,1 posts analyzed; 0 post(s) with violence_risk_score >= 0.60. User-level score emphasizes worst and average behavior.
Aggravating_Money992,0.07999999999999999,0,1,1 posts analyzed; 0 post(s) with violence_risk_score >= 0.60. User-level score emphasizes worst and average behavior.
Armedblight,0.07999999999999999,0,1,1 posts analyzed; 0 post(s) with violence_risk_score >= 0.60. User-level score emphasizes worst and average behavior.
AudibleNod,0.0,0,1,1 posts analyzed; 0 post(s) with violence_risk_score >= 0.60. User-level score emphasizes worst and average behavior.
CTVNEWS,0.0,0,1,1 posts analyzed; 0 post(s) with violence_risk_score >= 0.60. User-level score emphasizes worst and average behavior.
ChiefFun,0.0,0,1,1 posts analyzed; 0 post(s) with violence_risk_score >= 0.60. User-level score emphasizes worst and average behavior.
Cold_Advance_6315,0.0,0,1,1 posts analyzed; 0 post(s) with violence_risk_score >= 0.60. User-level score emphasizes worst and average behavior.
CompetitiveAd9639,0.0,0,1,1 posts analyzed; 0 post(s) with violence_risk_score >= 0.60. User-level score emphasizes worst and average behavior.
CompetitiveNovel8990,0.0,0,1,1 posts analyzed; 0 post(s) with violence_risk_score >= 0.60. User-level score emphasizes worst and average behavior.
Corner_Post,0.0,0,1,1 posts analyzed; 0 post(s) with violence_risk_score >= 0.60. User-level score emphasizes worst and average behavior.
Disastrous_Rough_756,0.22999999999999998,0,1,1 posts analyzed; 0 post(s) with violence_risk_score >= 0.60. User-level score emphasizes worst and average behavior.
Discarded_Twix_Bar,0.0,0,1,1 posts analyzed; 0 post(s) with violence_risk_score >= 0.60. User-level score emphasizes worst and average behavior.
DoremusJessup,0.0,0,1,1 posts analyzed; 0 post(s) with violence_risk_score >= 0.60. User-level score emphasizes worst and average behavior.
EssoEssex,0.0,0,1,1 posts analyzed; 0 post(s) with violence_risk_score >= 0.60. User-level score emphasizes worst and average behavior.
EverythingIsFakeNGay,0.0,0,1,1 posts analyzed; 0 post(s) with violence_risk_score >= 0.60. User-level score emphasizes worst and average behavior.
Historical-Bad-8566,0.049999999999999996,0,1,1 posts analyzed; 0 post(s) with violence_risk_score >= 0.60. User-level score emphasizes worst and average behavior.
Hrmbee,0.0,0,1,1 posts analyzed; 0 post(s) with violence_risk_score >= 0.60. User-level score emphasizes worst and average behavior.
Human-Entrepreneur77,0.0,0,1,1 posts analyzed; 0 post(s) with violence_risk_score >= 0.60. User-level score emphasizes worst and average behavior.
I_may_have_weed,0.0,0,1,1 posts analyzed; 0 post(s) with violence_risk_score >= 0.60. User-level score emphasizes worst and average behavior.
Immediate-Link490,0.0,0,1,1 posts analyzed; 0 post(s) with violence_risk_score >= 0.60. User-level score emphasizes worst and average behavior.
IncreaseSouth5741,0.049999999999999996,0,1,1 posts analyzed; 0 post(s) with violence_risk_score >= 0.60. User-level score emphasizes worst and average behavior.
Kaylee0102,0.0,0,1,1 posts analyzed; 0 post(s) with violence_risk_score >= 0.60. User-level score emphasizes worst and average behavior.
Key-Needleworker-702,0.0,0,2,2 posts analyzed; 0 post(s) with violence_risk_score >= 0.60. User-level score emphasizes worst and average behavior.
LibertarianCunt,0.0,0,1,1 posts analyzed; 0 post(s) with violence_risk_score >= 0.60. User-level score emphasizes worst and average behavior.
Loud-Mouthbreathing,0.0,0,1,1 posts analyzed; 0 post(s) with violence_risk_score >= 0.60. User-level score emphasizes worst and average behavior.
Low_Rate_6830,0.0,0,1,1 posts analyzed; 0 post(s) with violence_risk_score >= 0.60. User-level score emphasizes worst and average behavior.
Low_Visual_650,0.049999999999999996,0,1,1 posts analyzed; 0 post(s) with violence_risk_score >= 0.60. User-level score emphasizes worst and average behavior.
Mindless_Giraffe6887,0.07999999999999999,0,1,1 posts analyzed; 0 post(s) with violence_risk_score >= 0.60. User-level score emphasizes worst and average behavior.
No_Document1040,0.09999999999999999,0,1,1 posts analyzed; 0 post(s) with violence_risk_score >= 0.60. User-level score emphasizes worst and average behavior.
Odd-Ice-1416,0.18,0,1,1 posts analyzed; 0 post(s) with violence_risk_score >= 0.60. User-level score emphasizes worst and average behavior.
Ok-Law-3268,0.07999999999999999,0,1,1 posts analyzed; 0 post(s) with violence_risk_score >= 0.60. User-level score emphasizes worst and average behavior.
Ok_Resolution_5397,0.0,0,1,1 posts analyzed; 0 post(s) with violence_risk_score >= 0.60. User-level score emphasizes worst and average behavior.
OkayButFoRealz,0.0,0,1,1 posts analyzed; 0 post(s) with violence_risk_score >= 0.60. User-level score emphasizes worst and average behavior.
QuillQuickcard,0.0,0,1,1 posts analyzed; 0 post(s) with violence_risk_score >= 0.60. User-level score emphasizes worst and average behavior.
Remarkable-Tip5148,0.07999999999999999,0,1,1 posts analyzed; 0 post(s) with violence_risk_score >= 0.60. User-level score emphasizes worst and average behavior.
Remarkable_Peace_720,0.0,0,1,1 posts analyzed; 0 post(s) with violence_risk_score >= 0.60. User-level score emphasizes worst and average behavior.
RespectNo3536,0.07999999999999999,0,1,1 posts analyzed; 0 post(s) with violence_risk_score >= 0.60. User-level score emphasizes worst and average behavior.
SemiLoquacious,0.54,0,1,1 posts analyzed; 0 post(s) with violence_risk_score >= 0.60. User-level score emphasizes worst and average behavior.
Shadowblade83,0.019999999999999997,0,1,1 posts analyzed; 0 post(s) with violence_risk_score >= 0.60. User-level score emphasizes worst and average behavior.
SplashyardAddict,0.22999999999999998,0,1,1 posts analyzed; 0 post(s) with violence_risk_score >= 0.60. User-level score emphasizes worst and average behavior.
SublimeEcto1A,0.11,0,1,1 posts analyzed; 0 post(s) with violence_risk_score >= 0.60. User-level score emphasizes worst and average behavior.
TheCrowScare,0.0,0,1,1 posts analyzed; 0 post(s) with violence_risk_score >= 0.60. User-level score emphasizes worst and average behavior.
Tootsie28,0.18,0,1,1 posts analyzed; 0 post(s) with violence_risk_score >= 0.60. User-level score emphasizes worst and average behavior.
TragicHero84,0.0,0,1,1 posts analyzed; 0 post(s) with violence_risk_score >= 0.60. User-level score emphasizes worst and average behavior.
Unknowncat_1,0.0,0,1,1 posts analyzed; 0 post(s) with violence_risk_score >= 0.60. User-level score emphasizes worst and average behavior.
Zealot_TKO,0.07999999999999999,0,1,1 posts analyzed; 0 post(s) with violence_risk_score >= 0.60. User-level score emphasizes worst and average behavior.
Zealousideal_Cap5126,0.0,0,1,1 posts analyzed; 0 post(s) with violence_risk_score >= 0.60. User-level score emphasizes worst and average behavior.
acrobaticpussy,0.049999999999999996,0,1,1 posts analyzed; 0 post(s) with violence_risk_score >= 0.60. User-level score emphasizes worst and average behavior.
apples_and-bananas,0.0,0,1,1 posts analyzed; 0 post(s) with violence_risk_score >= 0.60. User-level score emphasizes worst and average behavior.
baasiill,0.049999999999999996,0,1,1 posts analyzed; 0 post(s) with violence_risk_score >= 0.60. User-level score emphasizes worst and average behavior.
boforiamanfo,0.0,0,1,1 posts analyzed; 0 post(s) with violence_risk_score >= 0.60. User-level score emphasizes worst and average behavior.
casincannabis,0.22999999999999998,0,1,1 posts analyzed; 0 post(s) with violence_risk_score >= 0.60. User-level score emphasizes worst and average behavior.
dertypdahalt,0.11,0,1,1 posts analyzed; 0 post(s) with violence_risk_score >= 0.60. User-level score emphasizes worst and average behavior.
hard2resist,0.0,0,1,1 posts analyzed; 0 post(s) with violence_risk_score >= 0.60. User-level score emphasizes worst and average behavior.
kvrvm4,0.07999999999999999,0,1,1 posts analyzed; 0 post(s) with violence_risk_score >= 0.60. User-level score emphasizes worst and average behavior.
latent_lantern,0.0,0,1,1 posts analyzed; 0 post(s) with violence_risk_score >= 0.60. User-level score emphasizes worst and average behavior.
librarianjenn,0.0,0,1,1 posts analyzed; 0 post(s) with violence_risk_score >= 0.60. User-level score emphasizes worst and average behavior.
lordlolipop06,0.0,0,1,1 posts analyzed; 0 post(s) with violence_risk_score >= 0.60. User-level score emphasizes worst and average behavior.
luckiest-,0.049999999999999996,0,1,1 posts analyzed; 0 post(s) with violence_risk_score >= 0.60. User-level score emphasizes worst and average behavior.
naughtyobama,0.0,0,1,1 posts analyzed; 0 post(s) with violence_risk_score >= 0.60. User-level score emphasizes worst and average behavior.
nowheretogofromheree,0.12000000000000001,0,1,1 posts analyzed; 0 post(s) with violence_risk_score >= 0.60. User-level score emphasizes worst and average behavior.
numanrki,0.0,0,1,1 posts analyzed; 0 post(s) with violence_risk_score >= 0.60. User-level score emphasizes worst and average behavior.
nvrmnd_tht_was_dumb,0.0,0,1,1 posts analyzed; 0 post(s) with violence_risk_score >= 0.60. User-level score emphasizes worst and average behavior.
plz-let-me-in,0.07999999999999999,0,1,1 posts analyzed; 0 post(s) with violence_risk_score >= 0.60. User-level score emphasizes worst and average behavior.
southpawFA,0.09999999999999999,0,1,1 posts analyzed; 0 post(s) with violence_risk_score >= 0.60. User-level score emphasizes worst and average behavior.
t3chexpert,0.24,0,1,1 posts analyzed; 0 post(s) with violence_risk_score >= 0.60. User-level score emphasizes worst and average behavior.
throwaway75643219,0.07999999999999999,0,1,1 posts analyzed; 0 post(s) with violence_risk_score >= 0.60. User-level score emphasizes worst and average behavior.
throwawayrnm02,0.07999999999999999,0,1,1 posts analyzed; 0 post(s) with violence_risk_score >= 0.60. User-level score emphasizes worst and average behavior.
